images,x1,y1,x2,y2
image_0001.png,56.80756378173828,135.10379028320312,72.37322998046875,377.94097900390625
image_0002.png,58.49500274658203,143.84182739257812,27.38465690612793,378.6097412109375
image_0003.png,55.563514709472656,145.89019775390625,83.51293182373047,383.1530456542969
image_0004.png,58.681304931640625,135.09164428710938,24.45074462890625,372.368896484375
image_0005.png,62.1905517578125,151.64097595214844,66.11026763916016,369.4047546386719
image_0006.png,53.55126190185547,142.39471435546875,34.29082489013672,368.5030517578125
image_0007.png,68.8543930053711,140.63108825683594,74.65451049804688,363.280517578125
image_0008.png,54.98500442504883,140.72653198242188,36.868499755859375,363.07537841796875
image_0009.png,45.78856658935547,121.81048583984375,68.08998107910156,367.6303405761719
image_0010.png,66.75318908691406,120.37419128417969,27.473854064941406,378.9500427246094
image_0011.png,57.27772521972656,153.9182891845703,66.99588012695312,373.40130615234375
image_0012.png,49.835296630859375,154.18228149414062,29.273677825927734,377.8292236328125
image_0013.png,62.82047653198242,118.86027526855469,74.36351776123047,380.59088134765625
image_0014.png,53.071922302246094,125.9197998046875,37.04098892211914,384.260498046875
image_0015.png,59.55262756347656,135.29501342773438,66.32801818847656,384.9806823730469
image_0016.png,55.50674819946289,132.66171264648438,17.138015747070312,383.4151306152344
image_0017.png,58.86131286621094,121.91433715820312,74.87784576416016,362.64398193359375
image_0018.png,58.89826583862305,134.1265869140625,28.357345581054688,383.67205810546875
image_0019.png,56.25768280029297,130.4703369140625,73.68235778808594,381.28704833984375
image_0020.png,60.26233673095703,135.95126342773438,32.193416595458984,382.9786071777344
image_0021.png,58.1405143737793,134.4905242919922,76.0264663696289,381.9695129394531
image_0022.png,60.048309326171875,137.108642578125,31.884376525878906,383.64654541015625
image_0023.png,61.337745666503906,140.82244873046875,83.10198974609375,370.2961730957031
image_0024.png,52.594703674316406,138.79188537597656,29.752948760986328,382.8048095703125
image_0025.png,56.539939880371094,130.1510467529297,71.10472869873047,383.45880126953125
image_0026.png,61.70282745361328,125.97184753417969,22.835716247558594,381.42266845703125
image_0027.png,53.789268493652344,136.1179656982422,67.35166931152344,383.37103271484375
image_0028.png,72.69792175292969,128.04261779785156,32.18717956542969,376.3457946777344
image_0029.png,55.192481994628906,138.80650329589844,68.59915924072266,363.1370544433594
image_0030.png,64.21095275878906,136.41351318359375,38.23535919189453,380.2276611328125
image_0031.png,55.14149475097656,121.0666275024414,79.23567962646484,379.9093933105469
image_0032.png,64.69233703613281,126.05308532714844,25.126283645629883,383.9555969238281
image_0033.png,65.24312591552734,132.9627227783203,33.195556640625,381.2432556152344
image_0034.png,59.63470458984375,130.50547790527344,76.91841125488281,372.99432373046875
image_0035.png,56.72754669189453,115.26094055175781,81.05416107177734,379.5520935058594
image_0036.png,57.81880569458008,121.05526733398438,25.084930419921875,380.65216064453125
image_0037.png,50.86058044433594,124.04905700683594,75.98507690429688,381.8995361328125
image_0038.png,58.754920959472656,129.8896026611328,27.217744827270508,382.2226257324219
image_0039.png,55.52852249145508,147.1796112060547,69.63839721679688,367.6080627441406
image_0040.png,54.979835510253906,139.2367706298828,28.637807846069336,366.7456970214844
image_0041.png,60.29740524291992,148.19558715820312,65.15190887451172,381.322998046875
image_0042.png,57.88588333129883,139.78683471679688,33.16728210449219,378.8302917480469
image_0043.png,55.12385177612305,117.22594451904297,75.07142639160156,383.1573181152344
image_0044.png,67.83031463623047,121.78565216064453,29.268062591552734,382.0909423828125
image_0045.png,59.292179107666016,134.39303588867188,70.61688232421875,368.516357421875
image_0046.png,57.3148307800293,123.82181549072266,33.1265869140625,365.9101867675781
image_0047.png,55.56596755981445,136.65631103515625,84.143798828125,383.3598937988281
image_0048.png,58.701454162597656,127.92810821533203,29.607372283935547,379.80908203125
image_0049.png,53.817771911621094,150.8957061767578,80.03874206542969,380.8213806152344
image_0050.png,56.18185043334961,153.22166442871094,26.77704429626465,380.81805419921875
image_0051.png,58.206634521484375,127.8921890258789,62.778053283691406,366.48248291015625
image_0052.png,59.970130920410156,129.38442993164062,38.20257568359375,350.83001708984375
image_0053.png,58.382469177246094,115.52078247070312,82.3860092163086,382.253173828125
image_0054.png,51.137916564941406,111.94905090332031,32.00132751464844,383.5641784667969
image_0055.png,54.56234359741211,132.9806671142578,73.65143585205078,371.3591613769531
image_0056.png,61.97486114501953,135.75054931640625,30.17144775390625,369.13482666015625
image_0057.png,56.62373352050781,117.41007995605469,79.48114013671875,381.9277648925781
image_0058.png,55.643455505371094,120.21531677246094,31.612905502319336,383.56396484375
image_0059.png,57.154441833496094,126.51891326904297,75.83160400390625,381.31024169921875
image_0060.png,57.869384765625,112.48780822753906,37.512516021728516,376.55303955078125
image_0061.png,55.43705749511719,100.82205963134766,80.85873413085938,359.3816223144531
image_0062.png,59.38108444213867,105.59736633300781,36.115020751953125,375.95574951171875
image_0063.png,60.067989349365234,138.8094940185547,78.32678985595703,381.2003479003906
image_0064.png,52.773773193359375,138.44140625,22.158870697021484,384.21820068359375
image_0065.png,69.05347442626953,126.35263061523438,71.83220672607422,366.7302551269531
image_0066.png,48.289527893066406,137.4766845703125,25.996646881103516,366.545654296875
image_0067.png,63.205745697021484,155.81358337402344,90.26539611816406,380.1976623535156
image_0068.png,53.896629333496094,154.10760498046875,32.78722381591797,377.19012451171875
image_0069.png,60.53192901611328,162.07261657714844,85.69426727294922,381.4256591796875
image_0070.png,50.92967987060547,151.38772583007812,28.969940185546875,366.947265625
image_0071.png,54.24002456665039,117.02304077148438,82.9302978515625,384.16790771484375
image_0072.png,57.13936996459961,112.67436218261719,33.910789489746094,383.40301513671875
image_0073.png,57.536537170410156,116.92041778564453,92.4930419921875,382.3776550292969
image_0074.png,53.771575927734375,112.98599243164062,23.747865676879883,380.6966552734375
image_0075.png,50.4453010559082,128.25477600097656,82.78028869628906,381.9647521972656
image_0076.png,62.11782455444336,124.40145874023438,19.358741760253906,383.5205993652344
image_0077.png,54.52312469482422,138.0452880859375,73.92365264892578,365.6061706542969
image_0078.png,56.34170150756836,140.28826904296875,41.38306427001953,360.1239013671875
image_0079.png,51.37702560424805,107.32110595703125,82.27587890625,382.8397521972656
image_0080.png,54.434532165527344,113.37969207763672,33.282840728759766,384.64984130859375
image_0081.png,57.05949401855469,136.14967346191406,70.89197540283203,366.6429748535156
image_0082.png,50.246795654296875,123.9564208984375,19.12552261352539,381.2739562988281
image_0083.png,49.50720977783203,110.55416870117188,75.2120590209961,381.11871337890625
image_0084.png,56.372642517089844,126.78008270263672,31.46869659423828,382.4861145019531
image_0085.png,54.58681869506836,114.52706909179688,75.36538696289062,380.8995056152344
image_0086.png,60.121543884277344,126.31840515136719,21.830242156982422,381.42755126953125
image_0087.png,52.38276672363281,118.02523803710938,74.42627716064453,383.57183837890625
image_0088.png,56.46638870239258,106.335693359375,38.91426467895508,380.3804626464844
image_0089.png,61.456729888916016,136.5864715576172,72.53482055664062,368.0351257324219
image_0090.png,57.981590270996094,120.45157623291016,34.8719482421875,365.4171447753906
image_0091.png,59.524803161621094,169.63095092773438,86.33683776855469,381.92071533203125
image_0092.png,53.81484603881836,169.74732971191406,33.50590515136719,373.922607421875
image_0093.png,60.18495559692383,121.5319595336914,71.59060668945312,380.8247985839844
image_0094.png,53.956947326660156,120.74880981445312,32.31519317626953,381.6398620605469
image_0095.png,66.25518035888672,169.82498168945312,80.90296936035156,381.0706481933594
image_0096.png,53.177310943603516,171.0371551513672,25.270572662353516,381.0113525390625
image_0097.png,56.058441162109375,134.4851531982422,83.397216796875,379.760986328125
image_0098.png,61.8885383605957,129.9722900390625,23.965356826782227,380.58135986328125
image_0099.png,52.914520263671875,115.25202941894531,70.94622802734375,359.5850524902344
image_0100.png,62.83730697631836,116.80339050292969,29.947425842285156,367.2001953125
image_0101.png,56.93650436401367,136.21990966796875,78.91336822509766,382.8794250488281
image_0102.png,53.400020599365234,141.01341247558594,35.547332763671875,384.2542419433594
image_0103.png,57.51171875,140.83145141601562,79.6994400024414,380.6752624511719
image_0104.png,52.79758071899414,144.635498046875,31.740081787109375,382.2811279296875
image_0105.png,56.91343688964844,127.57156372070312,68.39031219482422,376.48187255859375
image_0106.png,46.95209503173828,131.26109313964844,33.19208908081055,383.0160217285156
image_0107.png,53.43870544433594,130.57322692871094,73.603271484375,381.87384033203125
image_0108.png,55.58522415161133,133.78182983398438,35.82733154296875,374.60650634765625
image_0109.png,60.04692459106445,120.3686294555664,71.07066345214844,381.2257080078125
image_0110.png,54.399288177490234,118.8727798461914,32.211395263671875,381.6374816894531
image_0111.png,65.44046020507812,186.1189727783203,85.20541381835938,382.2320556640625
image_0112.png,58.547569274902344,168.21823120117188,34.550514221191406,378.7674560546875
image_0113.png,69.38169860839844,129.12867736816406,68.88818359375,366.798828125
image_0114.png,50.255226135253906,114.9787368774414,31.310344696044922,364.1476745605469
image_0115.png,56.463871002197266,127.26438903808594,75.78578186035156,382.2054748535156
image_0116.png,60.602622985839844,124.02582550048828,31.335599899291992,368.21661376953125
image_0117.png,57.443023681640625,130.64707946777344,78.96896362304688,381.2509460449219
image_0118.png,61.87175750732422,120.99739074707031,25.15933609008789,382.59552001953125
image_0119.png,53.239891052246094,119.58164978027344,82.20018005371094,382.90582275390625
image_0120.png,55.11288070678711,110.04425811767578,24.06703758239746,381.7421875
image_0121.png,53.58779525756836,119.01854705810547,82.97306823730469,383.1295471191406
image_0122.png,56.04801559448242,109.13407897949219,29.979381561279297,382.4549560546875
image_0123.png,60.165321350097656,132.1156463623047,79.97425842285156,379.4087219238281
image_0124.png,56.06336212158203,128.48948669433594,26.54315185546875,382.8824157714844
image_0125.png,60.34170150756836,127.09075927734375,76.12701416015625,380.21728515625
image_0126.png,58.2578010559082,136.1144256591797,27.49030876159668,365.4765625
image_0127.png,66.66401672363281,132.12049865722656,72.58812713623047,378.4690246582031
image_0128.png,59.166805267333984,136.57542419433594,33.864898681640625,377.17840576171875
image_0129.png,63.053890228271484,139.94619750976562,62.14181137084961,365.8856506347656
image_0130.png,55.55804443359375,140.0608673095703,50.86900329589844,359.3915100097656
image_0131.png,57.800968170166016,110.94625854492188,77.7923583984375,376.11773681640625
image_0132.png,55.3607063293457,123.26374053955078,36.065120697021484,382.2773132324219
image_0133.png,66.85415649414062,130.8567352294922,75.74409484863281,378.3696594238281
image_0134.png,56.042198181152344,134.06459045410156,32.34507751464844,383.8804931640625
image_0135.png,48.20957565307617,116.93274688720703,90.17845916748047,386.2410888671875
image_0136.png,53.35671615600586,117.35659790039062,30.20916748046875,384.3659362792969
image_0137.png,49.36955261230469,141.93882751464844,91.46453857421875,383.7410583496094
image_0138.png,57.741119384765625,130.3720245361328,23.534618377685547,383.3666076660156
image_0139.png,66.22158813476562,146.8130645751953,84.88668060302734,381.1604919433594
image_0140.png,50.98288345336914,155.68482971191406,17.832435607910156,377.0315856933594
image_0141.png,53.66054916381836,120.76152038574219,80.4506607055664,384.0954895019531
image_0142.png,52.723602294921875,117.8678970336914,33.20219421386719,382.75006103515625
image_0143.png,56.878753662109375,124.63338470458984,70.0301513671875,366.5184326171875
image_0144.png,59.51509094238281,128.70425415039062,40.49310302734375,381.3856506347656
image_0145.png,56.52445983886719,141.62391662597656,70.32353973388672,378.26885986328125
image_0146.png,57.4775276184082,138.2566680908203,40.95409393310547,365.51898193359375
image_0147.png,57.29135513305664,147.8318634033203,81.49107360839844,383.6675720214844
image_0148.png,55.98304748535156,140.81727600097656,34.52478790283203,382.5262756347656
image_0149.png,56.15935134887695,109.35568237304688,86.89305114746094,381.3448486328125
image_0150.png,53.75975799560547,108.99512481689453,34.2359504699707,383.66876220703125
image_0151.png,52.729488372802734,136.60354614257812,82.63471221923828,380.744873046875
image_0152.png,48.020599365234375,137.701171875,36.36122131347656,377.6912536621094
image_0153.png,62.897613525390625,153.97096252441406,73.13093566894531,381.3901672363281
image_0154.png,40.38671112060547,137.36331176757812,35.4451904296875,379.3490295410156
image_0155.png,58.06473922729492,127.73670196533203,76.68623352050781,367.8620300292969
image_0156.png,60.98185729980469,137.2943878173828,32.45185852050781,368.87689208984375
image_0157.png,67.93450164794922,156.57154846191406,75.72581481933594,381.358154296875
image_0158.png,50.56336212158203,145.35757446289062,26.951162338256836,383.45892333984375
image_0159.png,52.5252685546875,122.58558654785156,72.28736877441406,365.6344299316406
image_0160.png,64.01628875732422,129.9102783203125,26.269067764282227,366.5007629394531
image_0161.png,65.53480529785156,148.91213989257812,75.17167663574219,381.9799499511719
image_0162.png,48.67742156982422,148.82373046875,21.688411712646484,377.7745056152344
image_0163.png,62.71281814575195,127.13179016113281,67.77803039550781,381.1797790527344
image_0164.png,60.01318359375,128.9627227783203,24.984275817871094,382.81396484375
image_0165.png,55.51492691040039,153.97842407226562,84.17985534667969,380.9093933105469
image_0166.png,50.90959167480469,155.26394653320312,25.39106559753418,381.35687255859375
image_0167.png,46.585838317871094,130.80638122558594,82.99307250976562,382.3521423339844
image_0168.png,61.8504524230957,131.6282196044922,36.22881317138672,383.01934814453125
image_0169.png,54.849056243896484,155.80120849609375,81.9398422241211,380.8770751953125
image_0170.png,52.69253158569336,155.71128845214844,27.189292907714844,380.34234619140625
image_0171.png,55.51492691040039,153.97842407226562,84.17985534667969,380.9093933105469
image_0172.png,50.90959167480469,155.26394653320312,25.39106559753418,381.35687255859375
image_0173.png,60.819183349609375,133.35096740722656,71.6351318359375,382.78668212890625
image_0174.png,59.43583297729492,136.10906982421875,36.64295196533203,374.5364074707031
image_0175.png,57.246463775634766,153.7943878173828,70.49407958984375,382.58856201171875
image_0176.png,51.36442947387695,153.47483825683594,26.339780807495117,384.2244873046875
image_0177.png,55.9383430480957,136.72232055664062,71.00039672851562,381.2076110839844
image_0178.png,54.418888092041016,143.3953399658203,24.542579650878906,380.7085266113281
image_0179.png,60.130165100097656,140.9157257080078,77.68582153320312,381.5158996582031
image_0180.png,56.48023986816406,130.13247680664062,32.121360778808594,382.095947265625
image_0181.png,57.68128967285156,154.11016845703125,79.06221771240234,366.0170593261719
image_0182.png,54.223506927490234,143.02223205566406,33.44353103637695,367.7149353027344
image_0183.png,51.19518280029297,106.76554870605469,80.06298828125,382.8426513671875
image_0184.png,63.170066833496094,114.94367218017578,30.247047424316406,383.6050720214844
image_0185.png,66.18700408935547,133.46556091308594,73.35370635986328,381.8136901855469
image_0186.png,58.593509674072266,133.82936096191406,25.560626983642578,384.2190856933594
image_0187.png,56.505435943603516,147.51388549804688,63.79783248901367,378.32342529296875
image_0188.png,58.55213928222656,135.47607421875,39.522823333740234,368.9650573730469
image_0189.png,56.37200927734375,156.3467559814453,70.69463348388672,372.8924255371094
image_0190.png,57.04292678833008,145.00050354003906,33.457969665527344,368.4920959472656
image_0191.png,56.834407806396484,134.76113891601562,79.11741638183594,380.7154846191406
image_0192.png,48.32941436767578,134.59161376953125,29.336830139160156,383.0762634277344
image_0193.png,57.12888717651367,135.3389129638672,72.84689331054688,366.2358093261719
image_0194.png,55.19510269165039,125.85087585449219,33.54975128173828,368.7837219238281
image_0195.png,52.43260955810547,110.35417938232422,70.7017822265625,381.31304931640625
image_0196.png,61.128719329833984,135.9487762451172,23.290130615234375,385.68963623046875
image_0197.png,63.68966293334961,122.82283020019531,68.5806655883789,380.40631103515625
image_0198.png,50.052894592285156,125.35362243652344,34.89558410644531,383.550537109375
image_0199.png,59.06078338623047,124.49588012695312,71.19767761230469,382.8719787597656
image_0200.png,53.12952423095703,126.4517593383789,32.69723892211914,381.94378662109375
image_0201.png,56.62754821777344,139.84075927734375,77.74662017822266,372.8656921386719
image_0202.png,59.529014587402344,135.20486450195312,31.53407859802246,379.7198791503906
image_0203.png,62.75748825073242,108.83048248291016,81.86978912353516,381.7283935546875
image_0204.png,48.92329406738281,104.88505554199219,23.841663360595703,384.5132751464844
image_0205.png,68.68323516845703,117.67816162109375,73.0870361328125,364.09979248046875
image_0206.png,60.30937957763672,109.54275512695312,31.00418472290039,379.32708740234375
image_0207.png,48.86416244506836,118.38533020019531,87.55770874023438,381.7912292480469
image_0208.png,58.254188537597656,119.58709716796875,26.246030807495117,381.4272766113281
image_0209.png,56.675479888916016,148.27999877929688,83.19844818115234,385.3134460449219
image_0210.png,59.39897918701172,141.96617126464844,29.72313690185547,383.7672119140625
image_0211.png,53.49513244628906,140.1317138671875,82.06732177734375,382.6946716308594
image_0212.png,57.462615966796875,116.15279388427734,31.928726196289062,384.816162109375
image_0213.png,57.82585144042969,126.0070571899414,71.02320861816406,382.7643737792969
image_0214.png,61.176658630371094,126.93254852294922,39.188079833984375,384.62506103515625
image_0215.png,56.28651809692383,140.48654174804688,84.8348617553711,381.04833984375
image_0216.png,53.49217987060547,132.92909240722656,33.20112609863281,368.20062255859375
image_0217.png,55.052093505859375,142.72605895996094,86.04635620117188,380.45062255859375
image_0218.png,55.11626052856445,133.37069702148438,25.433563232421875,382.2119140625
image_0219.png,61.51373291015625,147.4751739501953,78.92387390136719,382.33221435546875
image_0220.png,58.48305130004883,148.79615783691406,37.372703552246094,383.97052001953125
image_0221.png,56.271583557128906,128.9310302734375,67.8763427734375,381.9418640136719
image_0222.png,50.28265380859375,131.15869140625,33.93379211425781,380.2231750488281
image_0223.png,53.94224166870117,143.72799682617188,69.68990325927734,378.75091552734375
image_0224.png,55.47297668457031,150.5794677734375,40.07518005371094,381.69403076171875
image_0225.png,54.086517333984375,136.24673461914062,81.7701416015625,381.28778076171875
image_0226.png,60.85291290283203,132.39468383789062,35.6690673828125,379.9595642089844
image_0227.png,60.0685920715332,138.48562622070312,68.66847229003906,381.91265869140625
image_0228.png,54.290279388427734,134.004150390625,33.93720245361328,361.6258850097656
image_0229.png,59.06433868408203,148.1788787841797,73.68598175048828,379.47735595703125
image_0230.png,58.18353271484375,138.72052001953125,36.805965423583984,379.1077880859375
image_0231.png,51.252220153808594,120.07713317871094,86.91490936279297,380.8365783691406
image_0232.png,58.48173904418945,128.2911376953125,31.805696487426758,380.4758605957031
image_0233.png,56.42685317993164,134.76820373535156,74.24313354492188,366.9866943359375
image_0234.png,52.99592971801758,137.7349853515625,27.0220947265625,375.1336669921875
image_0235.png,62.93186950683594,137.7112274169922,60.62601852416992,383.12335205078125
image_0236.png,57.81535339355469,139.51954650878906,29.454469680786133,380.90704345703125
image_0237.png,62.95601272583008,152.28736877441406,76.84320068359375,367.93414306640625
image_0238.png,52.43416976928711,148.77537536621094,29.051746368408203,380.9453430175781
image_0239.png,47.744964599609375,133.7789764404297,76.14086151123047,383.4815979003906
image_0240.png,50.20260238647461,131.8519744873047,36.65463638305664,381.9237976074219
image_0241.png,57.81339645385742,144.92784118652344,78.67089080810547,381.1159362792969
image_0242.png,55.58348083496094,146.35499572753906,27.62825584411621,381.88702392578125
image_0243.png,64.44567108154297,135.5786895751953,79.81287384033203,380.98956298828125
image_0244.png,62.907264709472656,133.60479736328125,45.73160934448242,369.0941162109375
image_0245.png,55.62474822998047,140.1165771484375,73.87482452392578,380.4224548339844
image_0246.png,53.84008026123047,149.3155059814453,33.75943374633789,381.49530029296875
image_0247.png,53.181236267089844,135.29786682128906,75.61840057373047,383.0253601074219
image_0248.png,52.05598068237305,134.8695526123047,31.384801864624023,381.7499084472656
image_0249.png,53.184871673583984,123.7582015991211,76.1748275756836,379.774658203125
image_0250.png,54.78494644165039,133.79197692871094,34.40105056762695,385.10595703125
image_0251.png,52.06405258178711,122.5304183959961,79.1954116821289,383.548095703125
image_0252.png,55.568084716796875,127.84064483642578,32.16740417480469,383.2938232421875
image_0253.png,52.65754699707031,118.94464111328125,73.29840087890625,382.1523132324219
image_0254.png,57.41252899169922,111.49594116210938,37.72075653076172,383.09185791015625
image_0255.png,49.954505920410156,130.11334228515625,92.59719848632812,381.26190185546875
image_0256.png,60.00296401977539,123.723876953125,31.088329315185547,384.1789245605469
image_0257.png,54.18610763549805,137.67520141601562,80.51947021484375,364.40557861328125
image_0258.png,58.8967170715332,141.63504028320312,40.722476959228516,363.31878662109375
image_0259.png,55.33824920654297,144.41624450683594,75.33007049560547,369.87261962890625
image_0260.png,52.68742370605469,141.3032684326172,37.49378204345703,382.30950927734375
image_0261.png,61.809600830078125,141.80433654785156,80.80096435546875,383.0504150390625
image_0262.png,62.528907775878906,139.22129821777344,30.961593627929688,381.2134704589844
image_0263.png,58.47411346435547,139.85089111328125,69.53459167480469,366.8814392089844
image_0264.png,57.702552795410156,119.32441711425781,39.099884033203125,353.11749267578125
image_0265.png,60.95180892944336,140.77175903320312,72.9413833618164,361.7315979003906
image_0266.png,62.176353454589844,144.147216796875,70.27632141113281,375.2232666015625
image_0267.png,48.64760208129883,146.766357421875,35.822242736816406,373.64410400390625
image_0268.png,49.88715362548828,121.60282897949219,79.84217834472656,382.7415466308594
image_0269.png,59.6956787109375,120.35317993164062,35.24812316894531,384.5345153808594
image_0270.png,70.10639953613281,139.91427612304688,79.83036804199219,380.9308166503906
image_0271.png,53.90693664550781,146.7535400390625,23.59844207763672,382.0650329589844
image_0272.png,54.24284744262695,136.6603546142578,81.55685424804688,380.4657287597656
image_0273.png,54.600162506103516,145.19764709472656,18.841259002685547,384.3336486816406
image_0274.png,52.28105545043945,141.3428955078125,69.34652709960938,382.22491455078125
image_0275.png,55.66929626464844,133.02151489257812,28.16084098815918,382.8544921875
image_0276.png,59.19402313232422,126.64137268066406,67.20489501953125,382.32403564453125
image_0277.png,52.565391540527344,125.1243896484375,32.647666931152344,382.13922119140625
image_0278.png,55.28075408935547,142.5196075439453,85.4276123046875,380.6631164550781
image_0279.png,51.40255355834961,132.44252014160156,33.11621856689453,368.7778625488281
image_0280.png,51.34697341918945,121.55754852294922,81.10132598876953,381.7519226074219
image_0281.png,51.5783576965332,126.2573013305664,31.756484985351562,365.5130920410156
image_0282.png,52.07666015625,145.78131103515625,84.82361602783203,382.17803955078125
image_0283.png,57.63379669189453,130.9940185546875,40.97807693481445,368.0646057128906
image_0284.png,60.325992584228516,138.5122528076172,84.4873046875,382.062255859375
image_0285.png,51.013404846191406,132.26512145996094,29.378686904907227,383.84686279296875
image_0286.png,59.09481430053711,103.73881530761719,84.80756378173828,383.6083068847656
image_0287.png,50.88490295410156,116.62579345703125,32.11872100830078,385.7208251953125
image_0288.png,60.37239074707031,146.714111328125,70.51290893554688,381.20721435546875
image_0289.png,47.003177642822266,156.1392364501953,30.651052474975586,377.1058349609375
image_0290.png,71.51518249511719,131.63587951660156,77.3642578125,380.0872497558594
image_0291.png,49.55471420288086,139.43641662597656,35.4586181640625,382.6836853027344
image_0292.png,69.86473083496094,153.62872314453125,85.17755126953125,381.71514892578125
image_0293.png,49.444190979003906,148.67327880859375,23.781808853149414,383.65594482421875
image_0294.png,59.675086975097656,152.85546875,55.631072998046875,372.7129211425781
image_0295.png,54.492103576660156,156.02011108398438,47.40415954589844,378.837158203125
image_0296.png,50.602508544921875,128.81787109375,70.67662048339844,381.904541015625
image_0297.png,58.28978729248047,130.5751953125,26.853870391845703,380.2501220703125
image_0298.png,62.51617431640625,148.9466552734375,74.54592895507812,364.2143859863281
image_0299.png,54.52385711669922,154.72039794921875,34.50214385986328,381.2998352050781
image_0300.png,48.01633834838867,128.93544006347656,81.70365142822266,384.20672607421875
image_0301.png,62.965152740478516,115.22232055664062,33.42601776123047,362.8725280761719
image_0302.png,57.15967559814453,132.80477905273438,78.6373291015625,381.4208679199219
image_0303.png,67.30937194824219,112.99273681640625,29.474519729614258,363.16790771484375
image_0304.png,56.52754211425781,146.68829345703125,75.93595123291016,379.9656677246094
image_0305.png,57.32806396484375,140.9683074951172,26.179779052734375,381.09149169921875
image_0306.png,51.29161834716797,139.7159881591797,74.00751495361328,354.22772216796875
image_0307.png,48.673431396484375,144.2867431640625,44.27037048339844,365.13970947265625
image_0308.png,52.98500442504883,127.89924621582031,71.47918701171875,364.67034912109375
image_0309.png,61.044921875,132.53128051757812,36.61665344238281,367.98602294921875
image_0310.png,62.832191467285156,148.154296875,85.32389068603516,380.69586181640625
image_0311.png,53.034305572509766,134.43197631835938,35.713294982910156,367.7880859375
image_0312.png,57.41887283325195,112.84123992919922,82.13426208496094,378.2919616699219
image_0313.png,53.86499786376953,114.4220199584961,28.26171875,383.29705810546875
image_0314.png,59.278873443603516,139.19677734375,77.81009674072266,382.5115966796875
image_0315.png,52.14805221557617,138.35121154785156,25.6097354888916,382.00946044921875
image_0316.png,53.092647552490234,118.438232421875,85.12104797363281,379.9160461425781
image_0317.png,61.26889419555664,122.97953796386719,22.113277435302734,380.9867858886719
image_0318.png,54.96881866455078,138.5387420654297,81.82396697998047,381.5648498535156
image_0319.png,63.96289825439453,127.45059967041016,27.82806396484375,383.3519287109375
image_0320.png,56.92032241821289,145.9305419921875,78.20844268798828,382.8057556152344
image_0321.png,56.5533447265625,151.34823608398438,32.362449645996094,383.199462890625
image_0322.png,57.01176071166992,126.87586212158203,73.90504455566406,368.3140869140625
image_0323.png,57.19770812988281,123.57574462890625,39.25023651123047,351.7698974609375
image_0324.png,59.05188751220703,141.431640625,73.97461700439453,382.5243225097656
image_0325.png,62.09358215332031,145.8204345703125,29.666349411010742,382.8179016113281
image_0326.png,56.707088470458984,147.39219665527344,79.25586700439453,383.37738037109375
image_0327.png,55.375728607177734,149.50340270996094,29.367576599121094,384.0103759765625
image_0328.png,60.651798248291016,144.3571319580078,82.92994689941406,382.40594482421875
image_0329.png,51.75981521606445,131.4438934326172,37.817115783691406,384.1570739746094
image_0330.png,56.74265670776367,129.302490234375,78.85650634765625,380.5041809082031
image_0331.png,50.811031341552734,129.8754425048828,24.233776092529297,374.8525085449219
image_0332.png,53.664398193359375,114.85835266113281,74.76948547363281,365.25567626953125
image_0333.png,55.41639709472656,114.52267456054688,29.630430221557617,369.5540771484375
image_0334.png,56.55887985229492,135.35800170898438,77.5677261352539,383.3488464355469
image_0335.png,47.80795669555664,138.42306518554688,35.26258850097656,380.0880432128906
image_0336.png,52.287845611572266,133.9132843017578,69.43932342529297,379.01275634765625
image_0337.png,54.60293960571289,137.57919311523438,28.116823196411133,370.1256103515625
image_0338.png,53.02390670776367,147.90960693359375,66.92970275878906,382.1242370605469
image_0339.png,51.24787521362305,143.70556640625,38.835594177246094,370.99017333984375
image_0340.png,56.01444625854492,136.26478576660156,63.44445037841797,371.3067626953125
image_0341.png,57.036224365234375,118.32787322998047,44.875518798828125,351.4326171875
image_0342.png,52.19892883300781,150.12889099121094,84.18737030029297,372.97802734375
image_0343.png,57.21205520629883,134.9477081298828,31.387466430664062,383.18231201171875
image_0344.png,59.97476577758789,140.58901977539062,72.2120590209961,370.6788024902344
image_0345.png,46.3780403137207,140.7427978515625,40.912940979003906,385.0560302734375
image_0346.png,53.558876037597656,131.26280212402344,84.60603332519531,376.9626159667969
image_0347.png,56.4020881652832,125.29623413085938,21.7392578125,376.0946044921875
image_0348.png,58.15664291381836,153.85519409179688,80.81415557861328,382.1474304199219
image_0349.png,55.10423278808594,139.06163024902344,31.103071212768555,385.105224609375
image_0350.png,56.12888717651367,141.9404754638672,88.28509521484375,379.8017578125
image_0351.png,48.95835876464844,142.08802795410156,37.361778259277344,374.17669677734375
image_0352.png,59.18267059326172,139.23631286621094,71.36959075927734,367.11419677734375
image_0353.png,52.415191650390625,144.07177734375,37.68465805053711,369.5833435058594
image_0354.png,50.187198638916016,122.03838348388672,78.77539825439453,383.39208984375
image_0355.png,64.46519470214844,121.06511688232422,30.68387222290039,382.15289306640625
image_0356.png,59.359920501708984,140.73858642578125,70.86688232421875,381.4019470214844
image_0357.png,59.23906707763672,138.06251525878906,27.155254364013672,383.04351806640625
image_0358.png,55.63063049316406,147.56214904785156,83.54843139648438,382.5912170410156
image_0359.png,55.16210174560547,140.5808868408203,39.44355773925781,382.5525207519531
image_0360.png,56.507362365722656,143.01463317871094,80.06878662109375,379.93267822265625
image_0361.png,54.81865310668945,142.5325164794922,36.994285583496094,368.35675048828125
image_0362.png,56.50933837890625,134.1473388671875,69.8435287475586,365.85406494140625
image_0363.png,57.65531539916992,135.28433227539062,40.423309326171875,381.41754150390625
image_0364.png,54.66756057739258,127.48046875,77.20738220214844,379.8653869628906
image_0365.png,59.06260681152344,142.9912872314453,33.72178268432617,382.4349670410156
image_0366.png,59.370731353759766,152.49826049804688,78.24254608154297,381.33441162109375
image_0367.png,47.357269287109375,148.90493774414062,34.99100112915039,382.4671325683594
image_0368.png,64.91790771484375,140.31781005859375,75.93586730957031,381.9546813964844
image_0369.png,47.65880584716797,137.9711456298828,28.04389190673828,379.4388122558594
image_0370.png,59.24828338623047,138.76971435546875,78.31010437011719,362.13751220703125
image_0371.png,57.17570114135742,143.33001708984375,39.32635498046875,363.0812072753906
image_0372.png,55.46671676635742,106.56412506103516,79.12420654296875,383.1857604980469
image_0373.png,55.838890075683594,116.96499633789062,43.4928092956543,381.46551513671875
image_0374.png,61.75979232788086,156.57015991210938,88.8834228515625,380.4563903808594
image_0375.png,53.76454162597656,151.83895874023438,39.10417175292969,378.60333251953125
image_0376.png,61.4748649597168,160.4086151123047,79.151611328125,381.1341247558594
image_0377.png,49.95002746582031,156.91244506835938,33.78883361816406,367.3778076171875
image_0378.png,53.132240295410156,137.82691955566406,80.93887329101562,381.3005065917969
image_0379.png,60.33665466308594,128.74545288085938,26.77419662475586,383.6337585449219
image_0380.png,56.641815185546875,127.81563568115234,81.0300064086914,381.590087890625
image_0381.png,63.99442672729492,131.85105895996094,39.00164031982422,367.653076171875
image_0382.png,53.23965072631836,136.7622833251953,79.80213928222656,381.5893249511719
image_0383.png,62.83032989501953,123.85782623291016,37.21137237548828,364.4681396484375
image_0384.png,63.630470275878906,136.9770050048828,71.18334197998047,363.935546875
image_0385.png,54.69862365722656,139.32345581054688,41.22861862182617,364.6119384765625
image_0386.png,51.68339538574219,113.90304565429688,77.05059051513672,378.6189270019531
image_0387.png,64.62012481689453,124.56343841552734,28.718786239624023,382.160888671875
image_0388.png,51.03728485107422,133.7041015625,75.81261444091797,359.4946594238281
image_0389.png,61.74523162841797,132.9144744873047,30.013145446777344,360.0823059082031
image_0390.png,64.35913848876953,143.3179168701172,82.1392822265625,378.8254699707031
image_0391.png,66.89519500732422,138.81898498535156,28.48002052307129,380.3668212890625
image_0392.png,60.378543853759766,139.9131622314453,82.88235473632812,382.7720642089844
image_0393.png,64.21383666992188,138.626708984375,48.6195068359375,349.77545166015625
image_0394.png,57.61830520629883,116.62275695800781,92.5616455078125,382.51336669921875
image_0395.png,54.18148422241211,113.12236022949219,23.621173858642578,380.2769470214844
image_0396.png,56.76609420776367,127.7753677368164,78.45304870605469,382.3995056152344
image_0397.png,51.39896774291992,130.02549743652344,35.98783493041992,383.0473937988281
image_0398.png,51.15993118286133,134.94630432128906,83.48404693603516,382.59893798828125
image_0399.png,63.154029846191406,127.8697280883789,30.560787200927734,376.56988525390625
image_0400.png,58.06684112548828,146.10977172851562,84.0880126953125,381.05462646484375
image_0401.png,50.02134704589844,147.46592712402344,34.21050262451172,378.9764709472656
image_0402.png,58.364349365234375,137.4981231689453,71.90528106689453,381.9736633300781
image_0403.png,60.74920654296875,137.35337829589844,31.81049919128418,384.9502258300781
image_0404.png,57.996986389160156,136.00802612304688,72.33721160888672,381.9273376464844
image_0405.png,60.74282455444336,137.27183532714844,32.84383010864258,385.0386657714844
image_0406.png,60.91112518310547,142.9591522216797,81.9270248413086,382.89593505859375
image_0407.png,53.6280403137207,140.0835723876953,24.037433624267578,381.5782470703125
image_0408.png,64.09396362304688,134.43118286132812,80.58272552490234,368.6922302246094
image_0409.png,52.42563247680664,133.38909912109375,37.91159439086914,368.7531433105469
image_0410.png,53.82691955566406,122.18092346191406,83.7456283569336,371.07354736328125
image_0411.png,53.4663200378418,120.46624755859375,39.89443588256836,357.6821594238281
image_0412.png,52.57387924194336,140.1560516357422,78.43380737304688,367.7555847167969
image_0413.png,58.598758697509766,134.0703125,36.80616760253906,369.51177978515625
image_0414.png,57.800086975097656,111.27288055419922,86.66738891601562,382.55224609375
image_0415.png,57.29793930053711,101.81437683105469,27.885889053344727,381.5884704589844
image_0416.png,51.21836471557617,108.14016723632812,73.66583251953125,379.2212219238281
image_0417.png,56.75092315673828,124.4515151977539,26.471206665039062,381.803466796875
image_0418.png,56.147247314453125,119.47899627685547,83.5422592163086,371.83709716796875
image_0419.png,54.11240005493164,125.13706970214844,24.038692474365234,381.6059875488281
image_0420.png,53.316097259521484,125.0309829711914,82.70184326171875,379.8775634765625
image_0421.png,58.14186477661133,129.36666870117188,22.068145751953125,381.19873046875
image_0422.png,57.96102523803711,111.46429443359375,83.69620513916016,379.07843017578125
image_0423.png,58.31743621826172,109.85986328125,26.638486862182617,383.6218566894531
image_0424.png,58.27307891845703,139.27516174316406,74.38126373291016,384.0021667480469
image_0425.png,59.26134490966797,145.32489013671875,28.425260543823242,382.0007629394531
image_0426.png,53.87508010864258,138.01397705078125,73.48593139648438,383.0087585449219
image_0427.png,55.12050247192383,137.64772033691406,25.097707748413086,377.7221374511719
image_0428.png,61.64347457885742,134.21749877929688,78.92996978759766,381.9578857421875
image_0429.png,53.748779296875,134.75115966796875,37.18206024169922,363.11566162109375
image_0430.png,51.78968048095703,110.68168640136719,73.04073333740234,382.6409606933594
image_0431.png,53.940879821777344,112.50834655761719,37.27040100097656,382.7944641113281
image_0432.png,48.947364807128906,132.83920288085938,73.1585693359375,364.46197509765625
image_0433.png,61.63125228881836,138.22772216796875,26.66440773010254,370.5709533691406
image_0434.png,56.86345672607422,107.54259490966797,82.86195373535156,380.1174011230469
image_0435.png,63.49048614501953,118.19390869140625,25.21564483642578,380.2572937011719
image_0436.png,53.86912155151367,140.40914916992188,82.34088134765625,382.5994567871094
image_0437.png,61.19868469238281,147.23744201660156,37.888427734375,368.2909851074219
image_0438.png,53.97209930419922,152.60781860351562,82.29393005371094,382.0942077636719
image_0439.png,51.06565475463867,150.70120239257812,26.04111099243164,382.9610900878906
image_0440.png,60.074344635009766,124.76048278808594,72.24627685546875,381.93963623046875
image_0441.png,50.753700256347656,125.4231185913086,28.700632095336914,381.186767578125
image_0442.png,57.08104705810547,142.7342529296875,79.15438842773438,381.240966796875
image_0443.png,59.89822769165039,137.74037170410156,33.15816879272461,380.8284912109375
image_0444.png,71.40010070800781,137.23797607421875,75.0926742553711,368.5727233886719
image_0445.png,58.85255813598633,135.32798767089844,30.175403594970703,367.6949768066406
image_0446.png,54.16566848754883,135.85838317871094,77.10811614990234,381.7458801269531
image_0447.png,56.648719787597656,139.58961486816406,23.606477737426758,377.90118408203125
image_0448.png,55.5150260925293,140.04876708984375,84.27957916259766,373.1710510253906
image_0449.png,60.748111724853516,140.49412536621094,26.2480525970459,378.74853515625
image_0450.png,58.08761978149414,130.2690887451172,85.46321868896484,382.87359619140625
image_0451.png,51.050254821777344,137.64556884765625,28.2257080078125,382.4383850097656
image_0452.png,49.60100555419922,122.36872100830078,77.87621307373047,381.3656311035156
image_0453.png,54.70474624633789,131.55160522460938,35.06181716918945,385.8935241699219
image_0454.png,62.76533508300781,128.38414001464844,73.26792907714844,349.58599853515625
image_0455.png,53.26019287109375,121.84528350830078,39.46675491333008,357.888671875
image_0456.png,59.62490463256836,139.38226318359375,83.67371368408203,384.4356384277344
image_0457.png,51.769126892089844,136.3863525390625,33.81666564941406,382.71490478515625
image_0458.png,58.71487808227539,147.4367218017578,67.53120422363281,379.0479431152344
image_0459.png,61.59160232543945,136.94601440429688,35.597755432128906,362.1343078613281
image_0460.png,50.997413635253906,135.86550903320312,81.04959106445312,382.4912414550781
image_0461.png,54.25580596923828,133.3162384033203,31.486106872558594,384.1520080566406
image_0462.png,63.50552749633789,134.44227600097656,64.51818084716797,355.8511962890625
image_0463.png,57.829925537109375,129.58743286132812,36.762413024902344,350.3852233886719
image_0464.png,58.64926528930664,119.44068908691406,85.16693878173828,380.502685546875
image_0465.png,58.426151275634766,118.81927490234375,21.16665267944336,381.2705993652344
image_0466.png,59.81314468383789,154.66587829589844,85.40592956542969,384.0292053222656
image_0467.png,53.99415969848633,162.6952667236328,31.689409255981445,380.15069580078125
image_0468.png,59.971981048583984,133.19094848632812,74.64028930664062,365.00201416015625
image_0469.png,58.54702377319336,130.13690185546875,34.70372009277344,365.5092468261719
image_0470.png,54.73081970214844,142.82643127441406,78.52197265625,379.1382141113281
image_0471.png,55.640220642089844,140.7468719482422,32.796607971191406,370.74029541015625
image_0472.png,47.557064056396484,127.61419677734375,72.0838851928711,379.3932189941406
image_0473.png,62.14018249511719,123.89338684082031,31.265750885009766,379.4499816894531
image_0474.png,59.069427490234375,154.09800720214844,75.00918579101562,380.3091125488281
image_0475.png,56.26642608642578,153.552001953125,36.768524169921875,382.8628234863281
image_0476.png,58.9638557434082,118.16934967041016,79.19747924804688,380.62445068359375
image_0477.png,54.14099884033203,112.323486328125,31.850627899169922,377.7233581542969
image_0478.png,48.81242370605469,141.73866271972656,82.52346801757812,379.5846862792969
image_0479.png,54.245304107666016,144.93710327148438,30.298234939575195,383.9574890136719
image_0480.png,58.9638557434082,118.16934967041016,79.19747924804688,380.62445068359375
image_0481.png,54.14099884033203,112.323486328125,31.850627899169922,377.7233581542969
image_0482.png,59.739227294921875,122.91039276123047,84.9951171875,381.8670654296875
image_0483.png,55.84291458129883,129.67076110839844,29.289648056030273,380.513671875
image_0484.png,68.46453857421875,156.08184814453125,86.22007751464844,379.2370300292969
image_0485.png,55.416866302490234,139.19081115722656,36.30583190917969,376.8316345214844
image_0486.png,49.15263748168945,121.70877838134766,71.05777740478516,383.72015380859375
image_0487.png,55.8480224609375,135.90855407714844,28.450597763061523,384.1521911621094
image_0488.png,56.07551193237305,142.55648803710938,70.55770111083984,363.12371826171875
image_0489.png,61.739315032958984,133.36767578125,40.99819564819336,362.3873596191406
image_0490.png,52.45629119873047,151.58705139160156,82.06011962890625,380.07470703125
image_0491.png,54.61286544799805,140.453125,29.092334747314453,380.7084045410156
image_0492.png,54.53792190551758,140.0504913330078,77.206298828125,383.4751892089844
image_0493.png,46.98469924926758,145.29151916503906,34.71601104736328,381.2980041503906
image_0494.png,56.571510314941406,124.76920318603516,76.57785034179688,367.3501892089844
image_0495.png,53.83311462402344,143.3199920654297,36.105613708496094,382.98919677734375
image_0496.png,55.95610427856445,140.458984375,68.18939208984375,366.6995544433594
image_0497.png,56.25874710083008,132.45501708984375,44.23563003540039,366.95361328125
image_0498.png,53.519927978515625,139.6784210205078,69.74510192871094,365.49285888671875
image_0499.png,57.23807907104492,131.24021911621094,44.431602478027344,365.1486511230469
image_0500.png,53.30855178833008,143.80780029296875,69.76831817626953,364.08026123046875
image_0501.png,61.64170837402344,136.3973388671875,39.47945785522461,362.2431640625
image_0502.png,52.94145584106445,143.41720581054688,76.20394134521484,377.9080810546875
image_0503.png,57.70096969604492,144.03643798828125,38.20119857788086,379.2129821777344
image_0504.png,57.62727355957031,111.29837036132812,72.90116882324219,377.98248291015625
image_0505.png,62.772830963134766,110.66561889648438,29.999311447143555,372.3487243652344
image_0506.png,51.32784652709961,126.97007751464844,97.89511108398438,382.3782653808594
image_0507.png,52.05816650390625,139.08372497558594,37.573448181152344,376.67431640625
image_0508.png,51.32784652709961,126.97007751464844,97.89511108398438,382.3782653808594
image_0509.png,52.05816650390625,139.08372497558594,37.573448181152344,376.67431640625
image_0510.png,56.20097732543945,120.61612701416016,73.3174819946289,382.9872131347656
image_0511.png,51.520179748535156,138.9559783935547,32.44581604003906,383.24822998046875
image_0512.png,53.46992492675781,136.9062957763672,64.03377532958984,365.517333984375
image_0513.png,54.172813415527344,141.1866455078125,56.136070251464844,366.69921875
image_0514.png,63.18263626098633,131.18650817871094,70.53382873535156,380.7268981933594
image_0515.png,69.98735809326172,127.09918212890625,25.14864730834961,371.95062255859375
image_0516.png,52.23727035522461,118.14005279541016,78.49989318847656,383.9255065917969
image_0517.png,55.876468658447266,122.24723815917969,29.290193557739258,382.5365905761719
image_0518.png,50.181941986083984,115.82670593261719,77.24651336669922,359.4513854980469
image_0519.png,63.46903610229492,112.15058898925781,39.57180404663086,375.65313720703125
image_0520.png,59.049354553222656,137.84283447265625,72.52877807617188,381.6184387207031
image_0521.png,59.27054214477539,135.57386779785156,32.973045349121094,375.4531555175781
image_0522.png,58.677886962890625,130.82765197753906,71.71146392822266,363.7200622558594
image_0523.png,58.92572784423828,132.54937744140625,32.93382263183594,379.7518615722656
image_0524.png,56.50346755981445,139.4494171142578,71.79175567626953,367.03485107421875
image_0525.png,50.2816162109375,151.19525146484375,33.23428726196289,368.1895751953125
image_0526.png,59.22408676147461,156.2145538330078,72.35120391845703,380.6665954589844
image_0527.png,49.75843811035156,159.6988525390625,36.892215728759766,377.6460266113281
image_0528.png,62.36708068847656,135.8389892578125,85.62852478027344,381.89898681640625
image_0529.png,50.8663444519043,130.5788116455078,25.629064559936523,384.59503173828125
image_0530.png,59.020015716552734,116.215576171875,87.04920959472656,383.63262939453125
image_0531.png,55.134456634521484,117.90415954589844,30.85873794555664,382.2419128417969
image_0532.png,51.04268264770508,128.2100067138672,76.505615234375,368.5287780761719
image_0533.png,64.46634674072266,116.57516479492188,28.34719467163086,382.17767333984375
image_0534.png,56.39664840698242,125.73117065429688,73.09466552734375,369.0220642089844
image_0535.png,54.3887825012207,121.3624038696289,43.24818801879883,365.4284362792969
image_0536.png,57.12373352050781,138.45297241210938,84.96575164794922,382.7801818847656
image_0537.png,57.78083419799805,122.53795623779297,31.359813690185547,382.7525329589844
image_0538.png,57.0002326965332,127.841064453125,87.04492950439453,381.3333740234375
image_0539.png,56.81581497192383,124.75460815429688,34.157649993896484,379.4328308105469
image_0540.png,53.316368103027344,130.12940979003906,84.84010314941406,383.07330322265625
image_0541.png,62.72667694091797,124.2060317993164,29.88640022277832,380.70465087890625
image_0542.png,53.316368103027344,130.12940979003906,84.84010314941406,383.07330322265625
image_0543.png,62.72667694091797,124.2060317993164,29.88640022277832,380.70465087890625
image_0544.png,48.5115966796875,116.48687744140625,79.57371520996094,382.1336975097656
image_0545.png,58.85393524169922,118.66985321044922,29.24246597290039,384.04046630859375
image_0546.png,59.22039794921875,107.44107055664062,80.70806121826172,376.1144104003906
image_0547.png,63.03217697143555,104.234619140625,23.712068557739258,381.3818359375
image_0548.png,59.22039794921875,107.44107055664062,80.70806121826172,376.1144104003906
image_0549.png,63.03217697143555,104.234619140625,23.712068557739258,381.3818359375
image_0550.png,65.24312591552734,132.9627227783203,33.195556640625,381.2432556152344
image_0551.png,60.98194885253906,125.62615203857422,28.42647361755371,383.60186767578125
image_0552.png,62.69469451904297,106.37641906738281,86.70059204101562,379.40936279296875
image_0553.png,61.984336853027344,106.19292449951172,35.80839538574219,378.7661437988281
image_0554.png,52.58283233642578,137.44424438476562,80.98336029052734,382.64581298828125
image_0555.png,46.595191955566406,136.3220672607422,25.597806930541992,383.5263366699219
image_0556.png,52.441959381103516,119.64883422851562,76.09117889404297,380.4573669433594
image_0557.png,57.382869720458984,115.97836303710938,25.801511764526367,376.93133544921875
image_0558.png,53.95004653930664,115.37715911865234,80.09677124023438,378.2037353515625
image_0559.png,54.91559600830078,113.11758422851562,36.016990661621094,381.7015380859375
image_0560.png,56.704734802246094,125.30982208251953,79.32249450683594,382.621826171875
image_0561.png,58.75455856323242,115.85535430908203,32.04881286621094,383.6152648925781
image_0562.png,55.84510040283203,114.03097534179688,81.10696411132812,382.940673828125
image_0563.png,54.829620361328125,107.67251586914062,25.11716651916504,385.947021484375
image_0564.png,55.37135314941406,113.04056549072266,84.62081909179688,371.76788330078125
image_0565.png,59.18095779418945,106.98204040527344,41.744747161865234,379.3125
image_0566.png,61.52652359008789,117.47515106201172,79.56253051757812,383.6877746582031
image_0567.png,54.085693359375,115.53912353515625,35.26692581176758,385.0935974121094
image_0568.png,56.1900749206543,136.0907440185547,69.86310577392578,383.6647033691406
image_0569.png,56.304405212402344,128.4320831298828,39.078956604003906,382.3516845703125
image_0570.png,68.2104721069336,128.50352478027344,77.82106018066406,382.61358642578125
image_0571.png,64.81686401367188,124.0998306274414,24.34662437438965,383.2505187988281
image_0572.png,51.378746032714844,146.01116943359375,87.72286224365234,381.2503662109375
image_0573.png,59.103004455566406,132.0987548828125,33.356590270996094,382.6091613769531
image_0574.png,49.51960754394531,110.09282684326172,86.2020263671875,373.212890625
image_0575.png,56.13827896118164,110.95865631103516,35.8057861328125,368.9776306152344
image_0576.png,55.505943298339844,139.2493133544922,82.81611633300781,380.9139709472656
image_0577.png,51.70539474487305,135.87171936035156,37.181339263916016,380.8578796386719
image_0578.png,53.010528564453125,103.46311950683594,83.54903411865234,382.31536865234375
image_0579.png,51.05622482299805,109.19857788085938,34.24657440185547,381.65185546875
image_0580.png,61.280887603759766,142.14056396484375,88.29023742675781,382.2247314453125
image_0581.png,56.543060302734375,137.31321716308594,26.242450714111328,378.45184326171875
image_0582.png,64.9127197265625,122.2815933227539,67.18207550048828,378.0813903808594
image_0583.png,57.52066421508789,116.64309692382812,33.85957336425781,380.3865661621094
image_0584.png,52.05085372924805,140.3514862060547,79.1812744140625,384.8123474121094
image_0585.png,62.848384857177734,129.18885803222656,37.303443908691406,381.3237609863281
image_0586.png,56.775634765625,112.91498565673828,83.47470092773438,373.2453308105469
image_0587.png,57.314762115478516,129.7167205810547,28.664813995361328,384.25384521484375
image_0588.png,58.560916900634766,155.98184204101562,74.28619384765625,382.76483154296875
image_0589.png,51.02749252319336,146.48480224609375,24.019161224365234,381.4637451171875
image_0590.png,61.352046966552734,126.73957061767578,70.76797485351562,368.08660888671875
image_0591.png,57.8660774230957,125.20208740234375,37.24062728881836,363.99542236328125
image_0592.png,64.12792205810547,146.43276977539062,76.54930114746094,380.3092956542969
image_0593.png,53.12006759643555,140.77272033691406,39.12553405761719,377.7803039550781
image_0594.png,55.58008575439453,110.96973419189453,77.96250915527344,382.48577880859375
image_0595.png,55.23904037475586,116.57125091552734,25.247299194335938,382.4080505371094
image_0596.png,58.84765625,129.99830627441406,70.16664123535156,380.9453430175781
image_0597.png,57.953243255615234,118.05353546142578,39.08338928222656,380.3419189453125
image_0598.png,57.926612854003906,126.77377319335938,76.06050872802734,381.3658447265625
image_0599.png,57.958187103271484,124.02206420898438,28.624916076660156,366.5693664550781
image_0600.png,70.19721221923828,145.8813018798828,68.50373077392578,382.84320068359375
image_0601.png,52.914920806884766,149.06871032714844,38.359893798828125,366.88018798828125
image_0602.png,52.522216796875,134.540771484375,84.68534851074219,383.0494079589844
image_0603.png,56.227989196777344,141.42303466796875,27.489349365234375,383.0955810546875
image_0604.png,53.130794525146484,133.0843505859375,80.49427032470703,376.9696044921875
image_0605.png,55.74398422241211,134.03439331054688,34.085174560546875,365.4974365234375
image_0606.png,68.794189453125,149.09434509277344,77.35580444335938,381.2759094238281
image_0607.png,51.681907653808594,150.8419189453125,39.123714447021484,379.9212341308594
image_0608.png,50.38618469238281,122.99882507324219,85.13849639892578,381.8912658691406
image_0609.png,63.5734977722168,119.16853332519531,34.96525573730469,380.2992248535156
image_0610.png,64.62004852294922,155.37628173828125,62.629615783691406,365.8554382324219
image_0611.png,53.68759536743164,150.52761840820312,36.505699157714844,362.098876953125
image_0612.png,66.23283386230469,147.8061981201172,73.66929626464844,382.5478820800781
image_0613.png,54.224403381347656,141.50390625,39.29595184326172,384.07073974609375
image_0614.png,51.54370880126953,135.68495178222656,73.60302734375,367.3978576660156
image_0615.png,57.09855651855469,141.96397399902344,27.428913116455078,376.6795959472656
image_0616.png,54.019798278808594,129.2381591796875,75.65048217773438,379.05670166015625
image_0617.png,55.64716720581055,136.5361328125,35.757179260253906,382.0192565917969
image_0618.png,56.8838005065918,124.27913665771484,80.58543395996094,378.7245788574219
image_0619.png,54.33090591430664,126.45223236083984,29.682767868041992,370.1688232421875
image_0620.png,60.853084564208984,139.12472534179688,83.25285339355469,377.0240173339844
image_0621.png,60.67827224731445,137.8415985107422,31.762672424316406,382.5104675292969
image_0622.png,53.258094787597656,129.26986694335938,75.5892562866211,382.53656005859375
image_0623.png,59.07075881958008,136.01284790039062,33.609615325927734,383.6056213378906
image_0624.png,52.973228454589844,123.35736083984375,80.38367462158203,383.2562561035156
image_0625.png,52.79794692993164,133.98208618164062,35.15123748779297,382.4595947265625
image_0626.png,61.401493072509766,142.9822998046875,81.72296142578125,380.4874572753906
image_0627.png,49.040748596191406,134.08932495117188,29.4419002532959,379.6495056152344
image_0628.png,50.93674087524414,113.50820922851562,76.9131088256836,380.6114196777344
image_0629.png,61.12407302856445,119.73674011230469,29.054487228393555,385.4446105957031
image_0630.png,56.07911682128906,139.3920440673828,77.52799224853516,375.8198547363281
image_0631.png,58.108551025390625,143.3323211669922,26.53108787536621,381.8350524902344
image_0632.png,48.07414627075195,130.36175537109375,76.96287536621094,366.3097839355469
image_0633.png,59.67397689819336,144.8061065673828,40.68899154663086,366.4973449707031
image_0634.png,51.79347229003906,128.01622009277344,78.8264389038086,384.8601989746094
image_0635.png,58.79118347167969,137.9393768310547,26.062835693359375,381.56292724609375
image_0636.png,51.53165817260742,135.60147094726562,79.73191833496094,382.52630615234375
image_0637.png,60.689876556396484,129.05844116210938,28.26114845275879,380.46099853515625
image_0638.png,60.982154846191406,128.19729614257812,79.74398803710938,379.6955871582031
image_0639.png,57.42365646362305,124.70662689208984,33.2215576171875,366.3939208984375
image_0640.png,53.623504638671875,136.11695861816406,75.292236328125,383.1530456542969
image_0641.png,59.87134552001953,138.48043823242188,32.19404602050781,384.12603759765625
image_0642.png,61.515159606933594,138.2177276611328,82.2932357788086,382.27508544921875
image_0643.png,53.75405502319336,139.8057098388672,31.320547103881836,377.35174560546875
image_0644.png,53.76898956298828,128.99562072753906,86.77857208251953,383.55523681640625
image_0645.png,56.94235610961914,136.6321563720703,16.51158905029297,382.45330810546875
image_0646.png,50.17438888549805,119.51343536376953,91.7109146118164,382.5232238769531
image_0647.png,63.009639739990234,125.90642547607422,30.16574478149414,381.2314453125
image_0648.png,57.10556411743164,134.2589111328125,80.76321411132812,380.6851501464844
image_0649.png,56.37775802612305,129.2454071044922,28.460777282714844,382.3392028808594
image_0650.png,54.20585250854492,125.26969909667969,87.51431274414062,383.54998779296875
image_0651.png,63.34482192993164,131.5914764404297,42.17340850830078,382.64495849609375
image_0652.png,63.33380126953125,148.40589904785156,74.79778289794922,382.0224304199219
image_0653.png,55.85625457763672,140.60084533691406,24.39380645751953,381.5798645019531
image_0654.png,52.03642272949219,121.89752197265625,89.9737548828125,382.132080078125
image_0655.png,63.24615478515625,126.28781127929688,34.676063537597656,377.6276550292969
image_0656.png,53.808441162109375,138.2407989501953,75.81448364257812,364.14825439453125
image_0657.png,51.22501754760742,147.60491943359375,34.842254638671875,367.9857482910156
image_0658.png,62.254390716552734,111.35125732421875,84.08817291259766,383.769287109375
image_0659.png,54.39030075073242,115.68891143798828,29.33663558959961,385.6380310058594
image_0660.png,53.9869270324707,135.14520263671875,78.88577270507812,383.5575256347656
image_0661.png,49.755348205566406,129.71417236328125,28.651973724365234,383.5271911621094
image_0662.png,56.40923309326172,111.22579193115234,88.82591247558594,381.56890869140625
image_0663.png,58.911109924316406,108.0815658569336,31.946083068847656,385.4051818847656
image_0664.png,60.70615005493164,152.11642456054688,77.67279052734375,368.3856506347656
image_0665.png,58.62672805786133,148.34584045410156,38.64532470703125,371.92694091796875
image_0666.png,52.2344970703125,118.68641662597656,90.28550720214844,383.1566467285156
image_0667.png,69.71400451660156,120.75294494628906,69.37008666992188,380.68878173828125
image_0668.png,50.05290603637695,116.78713989257812,88.07989501953125,383.80389404296875
image_0669.png,59.00104522705078,118.20524597167969,37.26990509033203,383.3952941894531
image_0670.png,64.92813110351562,114.24473571777344,75.18023681640625,381.7148742675781
image_0671.png,59.016231536865234,109.52662658691406,35.60797119140625,369.2314758300781
image_0672.png,60.2253532409668,140.54078674316406,74.4935302734375,374.9090270996094
image_0673.png,51.68954086303711,129.734619140625,25.385854721069336,382.3819274902344
image_0674.png,60.0206184387207,152.4787139892578,80.37713623046875,383.5588073730469
image_0675.png,47.72541046142578,138.9244842529297,22.959896087646484,383.3446044921875
image_0676.png,54.56311798095703,136.47958374023438,73.21215057373047,382.05889892578125
image_0677.png,47.412864685058594,142.62388610839844,33.64913558959961,384.9431457519531
image_0678.png,67.25299072265625,146.05575561523438,83.20854949951172,383.1263122558594
image_0679.png,45.35768127441406,143.44366455078125,26.194093704223633,384.24163818359375
image_0680.png,59.123779296875,135.04776000976562,74.8648452758789,365.49755859375
image_0681.png,54.80534744262695,138.42071533203125,36.966575622558594,368.31378173828125
image_0682.png,50.18881607055664,148.39016723632812,76.88432312011719,382.97308349609375
image_0683.png,65.650634765625,145.75482177734375,26.510343551635742,380.98236083984375
image_0684.png,43.717864990234375,142.3271484375,79.40653228759766,369.60394287109375
image_0685.png,50.00933837890625,136.77914428710938,35.819000244140625,379.78204345703125
image_0686.png,48.63499450683594,129.63943481445312,80.62265014648438,382.6640319824219
image_0687.png,57.02484893798828,135.39601135253906,37.51715087890625,384.1204833984375
image_0688.png,53.65275955200195,145.21920776367188,77.12252807617188,365.8123779296875
image_0689.png,57.064369201660156,140.5667266845703,34.79774475097656,366.0242614746094
image_0690.png,48.90974426269531,151.7268829345703,84.084228515625,380.1307373046875
image_0691.png,46.89714050292969,135.2822265625,33.058597564697266,380.90557861328125
image_0692.png,51.92444610595703,113.83921813964844,72.0879898071289,380.0541076660156
image_0693.png,56.132591247558594,101.92460632324219,34.081321716308594,382.97552490234375
image_0694.png,53.49060821533203,127.58561706542969,82.13693237304688,364.88958740234375
image_0695.png,54.16400909423828,121.57856750488281,28.97503089904785,365.03033447265625
image_0696.png,62.34723663330078,109.09783935546875,88.14293670654297,382.7977600097656
image_0697.png,51.22118377685547,126.10238647460938,29.726037979125977,381.5897521972656
image_0698.png,62.39033508300781,137.5104522705078,73.28524780273438,368.7774963378906
image_0699.png,54.07386016845703,129.16342163085938,35.693359375,377.49298095703125
image_0700.png,61.61114501953125,137.5307159423828,77.75215148925781,380.32269287109375
image_0701.png,61.63013458251953,146.29556274414062,53.06161880493164,371.02203369140625
image_0702.png,54.99523162841797,114.0604248046875,72.94470977783203,382.55072021484375
image_0703.png,59.19316101074219,108.95977783203125,21.086280822753906,383.8754577636719
image_0704.png,61.18245315551758,138.59564208984375,74.43606567382812,383.6119079589844
image_0705.png,60.59144592285156,129.65956115722656,31.53962516784668,368.6744079589844
image_0706.png,62.921173095703125,128.67868041992188,82.33009338378906,383.2286376953125
image_0707.png,48.049808502197266,111.2831039428711,38.66450500488281,381.4300537109375
image_0708.png,62.921173095703125,128.67868041992188,82.33009338378906,383.2286376953125
image_0709.png,48.049808502197266,111.2831039428711,38.66450500488281,381.4300537109375
image_0710.png,54.336910247802734,107.23207092285156,92.27305603027344,384.01080322265625
image_0711.png,53.70074462890625,112.38134765625,34.85263442993164,384.5464782714844
image_0712.png,54.49941635131836,120.4998779296875,80.72229766845703,382.4954528808594
image_0713.png,61.66305923461914,119.30391693115234,33.84567642211914,382.9498596191406
image_0714.png,54.25935745239258,132.80679321289062,90.65496826171875,381.6180725097656
image_0715.png,69.20030975341797,119.13373565673828,32.658790588378906,377.7951354980469
image_0716.png,59.78940200805664,120.89171600341797,67.01661682128906,347.3254699707031
image_0717.png,57.683345794677734,107.451416015625,33.462890625,349.9742126464844
image_0718.png,59.1400146484375,146.4040985107422,72.43342590332031,381.2413330078125
image_0719.png,52.06209182739258,148.99974060058594,28.577104568481445,382.7901611328125
image_0720.png,53.774993896484375,123.54052734375,82.49300384521484,380.99188232421875
image_0721.png,57.87226104736328,112.07733917236328,40.60899353027344,384.5728454589844
image_0722.png,60.781219482421875,134.55271911621094,72.11518096923828,381.31890869140625
image_0723.png,57.74407958984375,137.67031860351562,36.44963836669922,369.2712097167969
image_0724.png,61.27656555175781,134.08078002929688,73.17617797851562,367.0386962890625
image_0725.png,58.83116912841797,141.5230712890625,32.48668670654297,370.02935791015625
image_0726.png,50.42387390136719,117.04158782958984,80.27529907226562,382.2969665527344
image_0727.png,59.678524017333984,124.34823608398438,45.87168884277344,380.7282409667969
image_0728.png,56.887542724609375,142.82899475097656,74.57048034667969,382.8938293457031
image_0729.png,56.8021125793457,134.5144500732422,34.6763916015625,382.83526611328125
image_0730.png,51.89011001586914,130.05877685546875,69.16018676757812,381.3455810546875
image_0731.png,45.73637390136719,136.8948974609375,36.371788024902344,382.6712341308594
image_0732.png,52.47710037231445,138.51632690429688,74.67340850830078,376.8572692871094
image_0733.png,60.84548568725586,138.26815795898438,28.968421936035156,379.2359924316406
image_0734.png,62.498355865478516,152.06512451171875,69.54378509521484,370.91046142578125
image_0735.png,49.07386016845703,147.742431640625,27.52289390563965,371.8048095703125
image_0736.png,57.91979217529297,143.30654907226562,81.9555892944336,376.3584289550781
image_0737.png,50.68190383911133,142.65147399902344,34.32838439941406,376.27410888671875
image_0738.png,56.201683044433594,163.44540405273438,84.14082336425781,383.8606872558594
image_0739.png,47.859832763671875,158.75753784179688,31.63808250427246,384.5866394042969
image_0740.png,53.4814338684082,128.93768310546875,77.88739776611328,384.7742614746094
image_0741.png,66.00757598876953,112.09199523925781,31.566030502319336,376.4144287109375
image_0742.png,57.42724609375,122.06037139892578,81.15646362304688,381.2254943847656
image_0743.png,58.629417419433594,130.9280242919922,39.81935501098633,380.6983947753906
image_0744.png,60.32695770263672,136.8610382080078,78.17021942138672,379.8079833984375
image_0745.png,53.33242416381836,129.18873596191406,39.691078186035156,366.9432067871094
image_0746.png,61.75058364868164,143.30984497070312,80.44049072265625,381.1770935058594
image_0747.png,56.693275451660156,122.13034057617188,31.15070343017578,381.39398193359375
image_0748.png,56.2902717590332,156.2611846923828,77.75590515136719,379.690185546875
image_0749.png,46.036842346191406,136.9980010986328,20.20623779296875,379.84014892578125
image_0750.png,62.42898941040039,152.7542724609375,84.71720886230469,382.5106201171875
image_0751.png,47.270179748535156,147.02552795410156,29.113021850585938,383.28662109375
image_0752.png,61.22683334350586,147.64569091796875,78.16984558105469,378.6070251464844
image_0753.png,45.3809700012207,143.56329345703125,29.225852966308594,382.11553955078125
image_0754.png,61.305641174316406,129.83248901367188,73.20153045654297,346.7392883300781
image_0755.png,62.12531280517578,135.37879943847656,42.38751220703125,362.5284423828125
image_0756.png,55.9179573059082,124.56301879882812,73.3234634399414,367.67950439453125
image_0757.png,55.52505111694336,134.78485107421875,29.125015258789062,379.64569091796875
image_0758.png,61.4359130859375,133.05935668945312,73.9521713256836,380.8695983886719
image_0759.png,57.91490936279297,137.83120727539062,29.849130630493164,381.5573425292969
image_0760.png,49.89787673950195,132.5992889404297,76.78441619873047,384.0333557128906
image_0761.png,59.72795104980469,143.02305603027344,24.054506301879883,384.5202941894531
image_0762.png,56.22090148925781,128.4647979736328,79.65687561035156,382.3327331542969
image_0763.png,56.69455337524414,123.09375762939453,30.32036781311035,384.4309997558594
image_0764.png,63.658206939697266,143.96823120117188,87.55054473876953,383.9926452636719
image_0765.png,41.227874755859375,146.66542053222656,26.374818801879883,378.63616943359375
image_0766.png,58.17331314086914,116.62969207763672,72.78219604492188,382.2679748535156
image_0767.png,59.60133361816406,105.95587921142578,30.745880126953125,376.53497314453125
image_0768.png,57.226593017578125,140.12086486816406,72.8228530883789,368.0229187011719
image_0769.png,57.51705551147461,136.0198974609375,26.110742568969727,381.6985168457031
image_0770.png,61.37512969970703,138.70338439941406,76.84382629394531,368.423828125
image_0771.png,58.14632034301758,141.2294921875,30.518484115600586,380.91455078125
image_0772.png,58.043128967285156,124.68187713623047,76.72980499267578,382.2603759765625
image_0773.png,61.4278450012207,136.3267822265625,28.961149215698242,382.09088134765625
image_0774.png,56.5362548828125,153.87269592285156,91.57549285888672,380.955322265625
image_0775.png,58.53714370727539,151.1954803466797,34.96015930175781,384.1729431152344
image_0776.png,59.71015930175781,152.9017791748047,84.26943969726562,381.3450927734375
image_0777.png,53.09429168701172,154.5587615966797,28.06670379638672,382.3800354003906
image_0778.png,57.66187286376953,107.82943725585938,86.4732894897461,382.61004638671875
image_0779.png,55.873374938964844,123.03550720214844,27.167381286621094,384.3077087402344
image_0780.png,58.92164993286133,148.34129333496094,78.39944458007812,382.90899658203125
image_0781.png,50.205326080322266,153.6521453857422,31.1773624420166,383.2624816894531
image_0782.png,60.79106521606445,151.6536407470703,81.42627716064453,380.85516357421875
image_0783.png,60.10651779174805,138.14886474609375,30.663713455200195,380.3138732910156
image_0784.png,56.32927322387695,123.23948669433594,70.39259338378906,366.49981689453125
image_0785.png,55.9510498046875,122.7409896850586,38.31974792480469,369.27728271484375
image_0786.png,46.19462585449219,125.42400360107422,83.56363677978516,370.4024963378906
image_0787.png,61.11708068847656,118.77364349365234,44.04086685180664,367.2888488769531
image_0788.png,54.75264358520508,123.15880584716797,77.16170501708984,379.321044921875
image_0789.png,60.31156921386719,123.0023422241211,34.867698669433594,380.85662841796875
image_0790.png,61.187076568603516,148.36099243164062,78.40980529785156,367.58721923828125
image_0791.png,53.052093505859375,144.45188903808594,47.66789627075195,360.74969482421875
image_0792.png,55.81584167480469,116.29700469970703,73.329833984375,380.6808166503906
image_0793.png,58.858150482177734,114.88025665283203,40.64765548706055,382.4173889160156
image_0794.png,65.83821868896484,160.61692810058594,82.66719055175781,381.4955749511719
image_0795.png,53.19099807739258,161.3273468017578,29.64779281616211,380.7811584472656
image_0796.png,60.03182601928711,157.00335693359375,77.711669921875,380.3036804199219
image_0797.png,55.13739776611328,143.5374298095703,27.536842346191406,378.0934753417969
image_0798.png,55.893394470214844,141.8019561767578,70.46239471435547,382.90228271484375
image_0799.png,52.566226959228516,142.08251953125,33.34770965576172,383.8485412597656
image_0800.png,57.61777114868164,126.093505859375,77.9112548828125,381.0332336425781
image_0801.png,62.76956558227539,117.49996185302734,36.03966522216797,377.6873474121094
image_0802.png,57.025142669677734,144.36158752441406,80.70814514160156,382.5533142089844
image_0803.png,55.55077362060547,152.14076232910156,40.924407958984375,383.02301025390625
image_0804.png,63.792301177978516,140.42190551757812,81.93256378173828,371.133544921875
image_0805.png,52.8563346862793,147.6636199951172,27.53022003173828,383.5071105957031
image_0806.png,50.70003128051758,141.2716522216797,83.48014831542969,379.3349914550781
image_0807.png,52.06270217895508,146.07998657226562,40.74214553833008,380.1390075683594
image_0808.png,55.623470306396484,147.91525268554688,73.59532165527344,382.3378601074219
image_0809.png,52.31241226196289,157.03916931152344,33.62873840332031,383.0086975097656
image_0810.png,54.22262191772461,157.18453979492188,74.34744262695312,382.564697265625
image_0811.png,52.030147552490234,154.57676696777344,22.38916015625,381.65472412109375
image_0812.png,53.530067443847656,136.60525512695312,78.4805679321289,380.5002746582031
image_0813.png,63.785484313964844,138.05776977539062,29.839733123779297,381.1117248535156
image_0814.png,54.27522277832031,137.399658203125,74.16331481933594,379.6473693847656
image_0815.png,61.731319427490234,139.3336181640625,32.786468505859375,373.1783752441406
image_0816.png,56.79957580566406,154.58506774902344,69.39830780029297,365.9695129394531
image_0817.png,56.62724685668945,134.71603393554688,35.7816276550293,350.56085205078125
image_0818.png,64.02864074707031,154.900146484375,84.31243896484375,382.18310546875
image_0819.png,45.33710861206055,153.02012634277344,29.697418212890625,383.55413818359375
image_0820.png,64.30522918701172,139.52157592773438,79.35806274414062,382.5233459472656
image_0821.png,50.331172943115234,148.8888397216797,27.320167541503906,382.99932861328125
image_0822.png,51.77685546875,122.34813690185547,80.08094024658203,384.0806579589844
image_0823.png,65.55074310302734,115.14490509033203,36.57662582397461,379.44500732421875
image_0824.png,58.91398620605469,135.916748046875,80.33636474609375,380.5594177246094
image_0825.png,56.47313690185547,143.67906188964844,25.728519439697266,376.23236083984375
image_0826.png,53.03196334838867,145.60044860839844,79.54681396484375,380.71307373046875
image_0827.png,52.02559280395508,142.287109375,23.90097999572754,381.533447265625
image_0828.png,45.77325439453125,124.74335479736328,74.8962631225586,358.2417297363281
image_0829.png,67.95494079589844,122.61859893798828,40.57391357421875,382.3428955078125
image_0830.png,57.12192153930664,137.8104705810547,92.66232299804688,377.7482604980469
image_0831.png,47.00033187866211,132.9127655029297,36.70392990112305,382.05413818359375
image_0832.png,60.50688934326172,144.68389892578125,85.94466400146484,382.0036926269531
image_0833.png,50.813995361328125,127.50530242919922,38.55161666870117,382.4407958984375
image_0834.png,52.370994567871094,152.5145263671875,84.73622131347656,382.6913757324219
image_0835.png,57.35147476196289,140.692138671875,31.55022430419922,382.4324951171875
image_0836.png,64.24818420410156,138.7043914794922,72.26546478271484,381.7667236328125
image_0837.png,44.782203674316406,140.5797576904297,32.69865798950195,383.9798583984375
image_0838.png,57.468021392822266,123.7092056274414,80.69801330566406,378.8271789550781
image_0839.png,51.62958908081055,122.59684753417969,31.261823654174805,375.671875
image_0840.png,50.92167282104492,150.88986206054688,74.45799255371094,368.04498291015625
image_0841.png,51.69758987426758,151.90005493164062,31.396432876586914,374.1344299316406
image_0842.png,52.010902404785156,128.86886596679688,78.30679321289062,381.8213806152344
image_0843.png,63.72707748413086,124.595947265625,32.04875946044922,382.2123107910156
image_0844.png,57.21998596191406,125.29301452636719,63.34286117553711,380.4501037597656
image_0845.png,59.8507080078125,130.52615356445312,33.08715057373047,381.84814453125
image_0846.png,52.23270797729492,127.6908950805664,74.93759155273438,368.2874450683594
image_0847.png,63.220542907714844,125.65593719482422,30.854373931884766,367.0958557128906
image_0848.png,69.92774963378906,112.85906982421875,73.08259582519531,382.53155517578125
image_0849.png,60.99809265136719,108.12245178222656,24.806737899780273,383.13751220703125
image_0850.png,49.181373596191406,150.04039001464844,76.72160339355469,384.1072692871094
image_0851.png,52.758705139160156,147.38807678222656,32.96562957763672,384.28997802734375
image_0852.png,61.688568115234375,124.70555114746094,67.22315979003906,366.9855041503906
image_0853.png,58.72357940673828,117.3646240234375,31.65795135498047,367.5044860839844
image_0854.png,71.19121551513672,149.97830200195312,86.7504653930664,381.1607666015625
image_0855.png,51.763729095458984,147.12432861328125,29.307201385498047,383.5994567871094
image_0856.png,57.994022369384766,137.38925170898438,72.99737548828125,381.1221923828125
image_0857.png,48.04935073852539,144.90283203125,35.34208679199219,384.3512268066406
image_0858.png,68.1370620727539,140.34837341308594,66.89045715332031,353.7601623535156
image_0859.png,60.07588195800781,146.55166625976562,39.88413619995117,353.2657470703125
image_0860.png,56.299171447753906,141.65538024902344,82.72228240966797,382.9502868652344
image_0861.png,59.55817413330078,148.48233032226562,29.16964340209961,369.5267333984375
image_0862.png,53.628570556640625,142.30804443359375,87.4673080444336,380.18072509765625
image_0863.png,52.330291748046875,135.5741424560547,22.361343383789062,379.4415283203125
image_0864.png,51.35579299926758,103.52617645263672,73.82872772216797,381.07305908203125
image_0865.png,55.36110305786133,112.45879364013672,27.08181381225586,374.7773132324219
image_0866.png,52.840919494628906,112.04876708984375,71.80702209472656,375.24078369140625
image_0867.png,53.513092041015625,114.56062316894531,29.18992042541504,378.22283935546875
image_0868.png,57.08514404296875,121.59286499023438,69.10488891601562,382.1286926269531
image_0869.png,50.96031951904297,112.8316879272461,36.11478805541992,385.2950439453125
image_0870.png,56.0161018371582,120.09827423095703,88.21724700927734,380.8133239746094
image_0871.png,65.04170989990234,133.00509643554688,12.631309509277344,379.362060546875
image_0872.png,62.780853271484375,139.7887420654297,77.84942626953125,382.4439697265625
image_0873.png,57.50920104980469,141.11660766601562,27.976926803588867,383.2248840332031
image_0874.png,59.0363883972168,132.38677978515625,73.08544921875,366.754638671875
image_0875.png,63.11883544921875,126.39046478271484,30.900251388549805,367.86065673828125
image_0876.png,50.309967041015625,124.71288299560547,81.4073715209961,372.80426025390625
image_0877.png,60.008270263671875,128.43617248535156,34.201019287109375,369.3797607421875
image_0878.png,56.476844787597656,100.22039794921875,80.4632339477539,379.4854431152344
image_0879.png,57.15161895751953,106.52793884277344,31.7728328704834,381.5109558105469
image_0880.png,59.36720657348633,129.70693969726562,69.27294921875,381.1943359375
image_0881.png,56.97123336791992,131.08657836914062,34.05847930908203,380.9302062988281
image_0882.png,62.70643997192383,137.5809326171875,79.35426330566406,379.4410400390625
image_0883.png,40.438079833984375,148.85281372070312,24.315162658691406,382.5908203125
image_0884.png,58.88589859008789,145.66639709472656,80.27218627929688,382.7291564941406
image_0885.png,46.08511734008789,146.8084259033203,26.503116607666016,381.55401611328125
image_0886.png,66.35304260253906,149.2458953857422,69.96054077148438,381.4510192871094
image_0887.png,41.3405647277832,146.79920959472656,37.31215286254883,381.06964111328125
image_0888.png,48.14933776855469,122.61670684814453,81.68451690673828,381.1690979003906
image_0889.png,58.48329544067383,118.68446350097656,32.63255310058594,381.7308654785156
image_0890.png,57.74640655517578,123.18596649169922,71.42910766601562,373.7614440917969
image_0891.png,58.95184326171875,120.09632110595703,26.505775451660156,371.2195129394531
image_0892.png,62.27214050292969,115.3490219116211,76.31285095214844,369.3819885253906
image_0893.png,57.036231994628906,105.27131652832031,30.29707908630371,378.0184020996094
image_0894.png,50.39308166503906,140.5560760498047,72.26142120361328,364.7809753417969
image_0895.png,62.42343521118164,139.4789581298828,35.83983612060547,367.6167297363281
image_0896.png,64.35700225830078,135.443115234375,85.68389129638672,380.04437255859375
image_0897.png,48.903778076171875,151.97317504882812,26.11486053466797,382.6377258300781
image_0898.png,51.54848098754883,126.5316390991211,79.80712127685547,384.20233154296875
image_0899.png,63.27592468261719,128.57073974609375,24.171375274658203,384.8365173339844
image_0900.png,71.04419708251953,146.06419372558594,78.75616455078125,379.88739013671875
image_0901.png,50.20425033569336,150.56837463378906,20.999420166015625,383.0563659667969
image_0902.png,69.89701843261719,147.82029724121094,78.28633880615234,377.90093994140625
image_0903.png,41.30545425415039,157.40060424804688,23.94506072998047,382.4126281738281
image_0904.png,63.35024642944336,103.61214447021484,85.6969985961914,384.4662170410156
image_0905.png,56.63434600830078,110.2314453125,17.70303726196289,384.0921630859375
image_0906.png,59.55257797241211,108.63526916503906,81.99311828613281,379.4925231933594
image_0907.png,54.24563217163086,108.89807891845703,22.02954864501953,384.1885681152344
image_0908.png,50.67595672607422,139.58486938476562,76.81903839111328,383.3797912597656
image_0909.png,59.98591613769531,135.54078674316406,30.371627807617188,382.17596435546875
image_0910.png,65.4573745727539,149.30303955078125,77.87428283691406,367.5209045410156
image_0911.png,60.9213752746582,144.9241485595703,32.137306213378906,368.8419494628906
image_0912.png,48.22846603393555,120.12770080566406,74.72190856933594,377.59222412109375
image_0913.png,63.59365463256836,118.47404479980469,35.06403350830078,368.6300048828125
image_0914.png,53.89003372192383,124.39972686767578,72.91580200195312,384.7579650878906
image_0915.png,55.20037841796875,130.70199584960938,34.30177688598633,384.56689453125
image_0916.png,57.939666748046875,116.03469848632812,71.86217498779297,378.439453125
image_0917.png,56.76319122314453,122.1498031616211,29.445484161376953,381.2359924316406
image_0918.png,58.82219696044922,150.80657958984375,86.0593032836914,382.89019775390625
image_0919.png,46.66246032714844,145.3657989501953,36.00367736816406,381.5777282714844
image_0920.png,68.34984588623047,157.6737060546875,83.05924224853516,381.3981018066406
image_0921.png,54.17741394042969,146.3605499267578,35.713871002197266,375.2287292480469
image_0922.png,48.2673454284668,127.64637756347656,75.19337463378906,381.05426025390625
image_0923.png,68.549072265625,120.11327362060547,30.284099578857422,373.6348571777344
image_0924.png,46.621585845947266,135.72775268554688,69.09857177734375,383.08148193359375
image_0925.png,60.372188568115234,137.7828369140625,34.85899353027344,371.2189025878906
image_0926.png,54.405487060546875,125.20310974121094,77.89148712158203,381.6543884277344
image_0927.png,63.69258499145508,124.90361022949219,34.95592498779297,381.27117919921875
image_0928.png,48.15635299682617,136.64183044433594,69.61431121826172,383.08203125
image_0929.png,58.89773178100586,144.95672607421875,35.359375,372.16729736328125
image_0930.png,64.29248809814453,141.5358123779297,86.3556900024414,367.59808349609375
image_0931.png,58.52988815307617,144.34873962402344,24.090410232543945,379.351318359375
image_0932.png,50.82322311401367,146.421142578125,82.52780151367188,373.87109375
image_0933.png,54.656715393066406,136.4713592529297,29.567537307739258,368.4247131347656
image_0934.png,50.7682991027832,127.6424560546875,75.66795349121094,380.38909912109375
image_0935.png,59.65862274169922,126.3460464477539,32.30632781982422,368.6607666015625
image_0936.png,52.128028869628906,129.55471801757812,84.47125244140625,367.4743347167969
image_0937.png,62.47524642944336,126.4014892578125,40.0303840637207,367.74395751953125
image_0938.png,55.34883117675781,146.66574096679688,81.64501953125,378.8868713378906
image_0939.png,62.04994583129883,134.58425903320312,36.64106369018555,362.41510009765625
image_0940.png,58.33358383178711,144.68104553222656,73.52088165283203,367.3939514160156
image_0941.png,62.45941162109375,153.4967803955078,32.34314727783203,367.6589660644531
image_0942.png,50.76368713378906,148.43960571289062,84.46623229980469,380.6174621582031
image_0943.png,55.28557586669922,153.07928466796875,29.63621711730957,382.01312255859375
image_0944.png,56.28428649902344,105.17822265625,76.18192291259766,382.94305419921875
image_0945.png,50.101318359375,131.2554931640625,68.13639831542969,371.2453918457031
image_0946.png,65.24766540527344,127.6761245727539,34.97847366333008,380.7408447265625
image_0947.png,55.495582580566406,126.16844177246094,85.99044036865234,383.0101623535156
image_0948.png,53.09322738647461,128.59555053710938,35.88250732421875,382.4356689453125
image_0949.png,58.20613479614258,125.6148681640625,79.2059097290039,384.03692626953125
image_0950.png,58.13164520263672,129.2496795654297,31.819700241088867,383.9184265136719
image_0951.png,57.4278450012207,147.722900390625,75.83802032470703,383.8716735839844
image_0952.png,50.649539947509766,151.00376892089844,22.877689361572266,383.8409423828125
image_0953.png,57.46164321899414,146.6163330078125,77.39683532714844,384.6515197753906
image_0954.png,51.41966247558594,150.825439453125,19.953765869140625,384.0927734375
image_0955.png,62.59008026123047,150.430908203125,76.9273681640625,363.4586181640625
image_0956.png,53.444541931152344,158.96322631835938,23.001956939697266,380.3724365234375
image_0957.png,60.7463493347168,142.1857147216797,70.50052642822266,352.7903137207031
image_0958.png,52.162010192871094,137.65391540527344,38.893028259277344,363.2029113769531
image_0959.png,56.58137893676758,144.4921112060547,85.94052124023438,381.3276062011719
image_0960.png,60.49479293823242,135.3494415283203,25.264833450317383,369.0582580566406
image_0961.png,44.96847152709961,125.43467712402344,75.94125366210938,381.84326171875
image_0962.png,56.43084716796875,124.2453842163086,27.161054611206055,385.5826416015625
image_0963.png,57.7247200012207,116.47521209716797,90.55061340332031,383.3020935058594
image_0964.png,62.641387939453125,106.49981689453125,18.808433532714844,380.4385070800781
image_0965.png,51.383705139160156,128.93130493164062,92.15852355957031,382.24676513671875
image_0966.png,60.61260223388672,112.47270202636719,35.754173278808594,381.6150817871094
image_0967.png,50.09453582763672,152.79002380371094,82.3196792602539,380.520263671875
image_0968.png,57.3332405090332,151.75253295898438,31.606855392456055,382.8561706542969
image_0969.png,68.1953353881836,120.29713439941406,75.38349151611328,365.45654296875
image_0970.png,48.658447265625,114.96347045898438,18.032691955566406,381.2000732421875
image_0971.png,58.4925422668457,147.43133544921875,76.47125244140625,384.67303466796875
image_0972.png,50.4254035949707,152.43746948242188,20.804176330566406,383.3304138183594
image_0973.png,60.81221008300781,158.1746826171875,82.24303436279297,380.2984313964844
image_0974.png,55.325439453125,152.25225830078125,27.315767288208008,373.1163024902344
image_0975.png,65.1324234008789,136.60748291015625,81.70291137695312,382.23675537109375
image_0976.png,50.53031539916992,137.29501342773438,26.381053924560547,384.669677734375
image_0977.png,52.06367111206055,138.3772735595703,66.4208755493164,368.2732238769531
image_0978.png,56.263160705566406,159.21824645996094,32.26108169555664,382.82940673828125
image_0979.png,67.01789855957031,164.58221435546875,76.39051055908203,382.9098815917969
image_0980.png,53.733116149902344,140.36155700683594,32.53840637207031,363.1255187988281
image_0981.png,63.342193603515625,137.24119567871094,70.87177276611328,382.6752624511719
image_0982.png,56.080989837646484,120.01947021484375,46.13499450683594,375.31390380859375
image_0983.png,54.58696746826172,149.7768096923828,76.43460083007812,381.8779602050781
image_0984.png,54.65925216674805,144.14913940429688,32.698219299316406,365.3672790527344
image_0985.png,56.89490509033203,132.69512939453125,83.98137664794922,383.86962890625
image_0986.png,58.305442810058594,129.4928741455078,24.632526397705078,377.9420166015625
image_0987.png,53.96336364746094,136.9963836669922,77.23471069335938,369.4312438964844
image_0988.png,63.39003372192383,132.83058166503906,26.914783477783203,379.2083740234375
image_0989.png,49.977691650390625,120.77754974365234,70.10054016113281,382.9925537109375
image_0990.png,60.80258560180664,121.63993072509766,32.98286819458008,382.5173645019531
image_0991.png,60.355201721191406,146.20721435546875,94.63693237304688,377.3909606933594
image_0992.png,55.92958450317383,150.7119903564453,31.847721099853516,379.21063232421875
image_0993.png,57.15967559814453,132.80477905273438,78.6373291015625,381.4208679199219
image_0994.png,65.24312591552734,132.9627227783203,33.195556640625,381.2432556152344
image_0995.png,59.63470458984375,130.50547790527344,76.91841125488281,372.99432373046875
image_0996.png,62.965152740478516,115.22232055664062,33.42601776123047,362.8725280761719
image_0997.png,57.15967559814453,132.80477905273438,78.6373291015625,381.4208679199219
image_0998.png,65.24312591552734,132.9627227783203,33.195556640625,381.2432556152344
image_0999.png,69.71400451660156,120.75294494628906,69.37008666992188,380.68878173828125
image_1000.png,59.00104522705078,118.20524597167969,37.26990509033203,383.3952941894531
